,title,genres,year,country,rating
0,Человек-паук: Нет пути домой,"фантастика, боевик, приключения",2021,США,9.2
1,Зеленая миля,драма,1999,США,9.1
2,Красавица и дракон,"приключения, анимация, драма",2021,Япония,9.0
3,Истребитель демонов: Поезд «Бесконечный»,"боевик, приключения, анимация",2020,Япония,9.0
4,1+1,"комедия, драма, биография",2011,Франция,9.0
5,Ходячий замок,"аниме , сказка, фантастика, мелодрама",2004,Япония,9.0
6,Зверопой 2,"анимация, мюзикл",2021,США,9.0
7,Король Лев,"мюзикл, приключения, драма, семейный, комедия, анимация",1994,США,9.0
8,FORD против FERRARI,"биография, драма, спорт",2019,США,9.0
9,Побег из Шоушенка,"драма, триллер",1994,США,8.9
10,Хатико: самый верный друг,"семейный, драма",2009,США,8.9
11,Пираты Карибского моря: Проклятие черной жемчужины,"приключения, боевик",2003,США,8.9
12,Как приручить дракона 3,"анимация, семейный, комедия, приключения",2018,США,8.9
13,Лука,"анимация, приключения, фэнтези",2021,США,8.9
14,Душа,"анимация, семейный, приключения, комедия",2020,США,8.9
15,Шан-Чи и легенда десяти колец,"фэнтези, боевик, комедия",2021,США,8.8
16,Круэлла,комедия,2021,США,8.8
17,Небо,"военный, драма",2020,Россия,8.8
18,Аватар,"боевик, фантастика, триллер",2009,США,8.8
19,Аватар: Специальная версия,"боевик, триллер, фантастика",2010,США,8.8
20,Начало,"боевик, фантастика, триллер",2010,США / Великобритания,8.8
21,Терминатор 2: судный день,"боевик, триллер, фантастика, приключения",1991,США / Франция,8.8
22,101 далматинец,"семейный, приключения, анимация",1961,США,8.8
23,Ее заветное желание,"анимация, драма, мелодрама",2020,Япония,8.8
24,Изгой,"приключения, драма",2000,США,8.8
25,Матрица,"боевик, фантастика, триллер",1999,Австралия / США,8.7
26,Джентльмены,"боевик, криминал",2020,США,8.7
27,Брат,"боевик, драма",1997,Россия,8.7
28,Леон,"драма, триллер, криминал",1994,Франция,8.7
29,Пираты Карибского моря: На странных берегах,"боевик, комедия, приключения",2011,США,8.7
30,Форрест Гамп,"комедия, мелодрама, драма",1994,США,8.7
31,Назад в будущее 3,"приключения, фантастика, вестерн, комедия, боевик",1990,США,8.7
32,Кошачьи миры Луиса Уэйна,"биография, драма, исторический",2021,Великобритания,8.7
33,Властелин Колец: Братство Кольца,"приключения, боевик, фэнтези",2001,Новая Зеландия / США,8.7
34,Терминатор 2: Судный день 3D,"боевик, триллер",2017,США,8.7
35,Унесенные призраками,"аниме , семейный, анимация, приключения",2001,Япония,8.7
36,Богемская рапсодия,"драма, биография, мюзикл",2018,США / Великобритания,8.7
37,Зеленая книга,драма,2018,США,8.7
38,Иван Васильевич меняет профессию,"комедия, фантастика",1973,СССР,8.7
39,Анчартед: на картах не значится,"боевик, приключения",2022,США,8.7
40,Джентльмены удачи,"криминал, комедия",1971,СССР,8.7
41,Криминальное чтиво,драма,1994,США,8.7
42,Титаник,"мелодрама, драма, приключения",1997,США,8.7
43,Бриллиантовая рука,"комедия, приключения, криминал",1968,СССР,8.7
44,Назад в будущее,"приключения, фантастика, комедия, боевик",1985,США,8.7
45,1941. Крылья над Берлином,"биография, исторический, мелодрама",2022,Россия,8.6
46,Тайна Коко,"анимация, приключения",2017,США,8.6
47,Малефисента: Владычица тьмы,"фэнтези, семейный, приключения",2019,США,8.6
48,Достать ножи,"детектив, драма, криминал, комедия",2019,США,8.6
49,Одиннадцать молчаливых мужчин,"драма, спорт",2022,Россия,8.6
50,Законопослушный гражданин,"триллер, драма",2009,США,8.6
51,Области тьмы,триллер,2011,США,8.6
52,Эверест,анимация,2019,США,8.6
53,Пираты Карибского моря: На краю света,"сказка, боевик, комедия, приключения",2007,США,8.6
54,Место встречи изменить нельзя,"криминал, детектив, боевик",1979,СССР,8.6
55,Гладиатор,"приключения, драма, боевик",2000,Великобритания / США,8.6
56,Холодное сердце 2,"анимация, семейный, детский",2019,США,8.6
57,"Ну, погоди!","короткометражный, анимация",1969,СССР,8.6
58,Гнев человеческий,"криминал, боевик, триллер",2021,Великобритания,8.6
59,Пятый элемент,"приключения, триллер, боевик, фантастика, мелодрама",1997,Франция,8.6
60,Твое имя,"анимация, фэнтези, мелодрама, аниме ",2016,Япония,8.6
61,Игры разума,"мистика, драма, биография",2001,США,8.6
62,Я - легенда,"драма, фантастика, ужасы",2007,США,8.6
63,Титаник 3D,"приключения, драма, мелодрама",1997,США,8.6
64,Мстители: Война бесконечности,"боевик, фантастика",2018,США,8.6
65,Храброе сердце,"военный, биография, боевик, драма",1995,США,8.6
66,Властелин Колец: Две крепости,"приключения, фэнтези, драма",2002,США / Новая Зеландия / Германия,8.6
67,Брат 2,"боевик, криминал",2000,США / Россия,8.6
68,А зори здесь тихие,"исторический, драма, военный",1972,СССР,8.6
69,Привидение,"драма, фэнтези, триллер, мистика, комедия",1990,США,8.6
70,ВАЛЛ-И,"семейный, фэнтези, анимация",2008,США,8.6
71,Главный герой,"фантастика, боевик, комедия, приключения",2021,США,8.6
72,Сумерки,"фэнтези, мелодрама",2008,США,8.5
73,В метре друг от друга,"мелодрама, драма",2019,США,8.5
74,Собачья жизнь 2,семейный,2019,США,8.5
75,Любовь и голуби,"комедия, мелодрама",1984,СССР,8.5
76,Холодное сердце,"приключения, анимация, семейный",2013,США,8.5
77,Адвокат дьявола,"триллер, драма",1997,США / Германия,8.5
78,Зверополис,"анимация, боевик, приключения, семейный, комедия",2016,США,8.5
79,Отец,драма,2020,Великобритания / Франция,8.5
80,Рапунцель: Запутанная История,"семейный, мюзикл, анимация, комедия",2010,США,8.5
81,Не время умирать,"боевик, криминал, триллер, приключения",2021,США / Великобритания,8.5
82,Зов предков,"приключения, анимация, семейный",2020,США,8.5
83,Пассажиры,"фантастика, приключения, мелодрама",2016,США,8.5
84,Загадочная история Бенджамина Баттона,"мелодрама, драма, мистика, фантастика",2008,США,8.5
85,Король Лев,"фантастика, семейный",2019,США,8.5
86,Шерлок Холмс,"драма, боевик, криминал, приключения, мистика",2009,США / Великобритания,8.5
87,Ледниковый период,"комедия, приключения, анимация, семейный",2002,США,8.5
88,Гарри Поттер и Дары смерти. Часть вторая,"семейный, фэнтези, драма, мистика, приключения",2011,США / Великобритания,8.5
89,Как приручить дракона,"анимация, семейный, сказка",2010,США,8.5
90,Бойцовский клуб,"триллер, боевик, драма",1999,США / Германия,8.5
91,Мстители: Финал,"боевик, фантастика",2019,США,8.5
92,Чего хотят женщины,"мелодрама, комедия",2000,США,8.5
93,Райя и последний дракон,анимация,2021,США,8.5
94,Вайолет Эвергарден. Фильм,"анимация, драма, фэнтези",2020,Япония,8.5
95,Железный человек,"приключения, фантастика, боевик, триллер",2008,США,8.5
96,Веном,"фантастика, боевик, триллер",2018,США,8.5
97,Маленькие женщины,"мелодрама, драма",2019,США,8.5
98,Хоббит: Нежданное путешествие,"фэнтези, приключения",2012,США,8.5
99,Холоп,комедия,2019,Россия,8.4
100,Джанго освобожденный,вестерн,2012,США,8.4
101,Джуманджи,"семейный, триллер, комедия, приключения, фантастика, драма",1995,США,8.4
102,Остров проклятых,"драма, мистика, триллер",2009,США,8.4
103,Полицейский из Беверли-Хиллз 4,"боевик, триллер, комедия",,США,8.4
104,Шрэк,"анимация, семейный, комедия",2001,США,8.4
105,Игра,"криминал, приключения, триллер",1997,США,8.4
106,Троя,"исторический, приключения",2004,США / Мальта / Великобритания,8.4
107,Пираты Карибского моря: Сундук мертвеца,"боевик, сказка, комедия, приключения",2006,США,8.4
108,"Жизнь, как она есть",комедия,2010,США,8.4
109,Добрыня Никитич и Змей Горыныч,"сказка, комедия, анимация, семейный, приключения",2006,Россия,8.4
110,День сурка,"комедия, мелодрама, фантастика",1993,США,8.4
111,Крестный отец,"драма, триллер",1972,США,8.4
112,Веном 2,"фантастика, боевик",2021,США,8.4
113,Кунг-Фу Панда,"комедия, анимация",2008,США,8.4
114,Сумерки. Сага. Новолуние,"фэнтези, мелодрама",2009,США,8.4
115,Офицеры,"драма, мелодрама",1971,СССР,8.4
116,Грань будущего,"фантастика, боевик",2014,США,8.4
117,Достучаться до небес,"боевик, драма, приключения, комедия",1997,Германия / Нидерланды / Бельгия,8.4
118,"Добро пожаловать, или Посторонним вход воспрещен","семейный, комедия",1964,СССР,8.4
119,Гранит,боевик,2021,Россия,8.4
120,Пираты Карибского моря: Мертвецы не рассказывают сказки,"комедия, фэнтези, боевик, приключения",2017,США,8.4
121,Алита: Боевой ангел,"фантастика, боевик, приключения, мелодрама",2018,США / Канада / Аргентина,8.4
122,"Поймай меня, если сможешь",комедия,2002,США,8.4
123,12 стульев,"комедия, детектив",1976,СССР,8.4
124,Один день,"комедия, мелодрама",2011,Великобритания,8.4
125,Рататуй,"комедия, семейный, анимация",2007,США,8.4
126,Хэнкок,"комедия, фантастика, боевик",2008,США,8.4
127,Живая сталь,"драма, боевик",2011,США,8.4
128,Дневник памяти,"драма, мелодрама",2004,США,8.4
129,Принц Персии: Пески времени,"приключения, мелодрама, боевик, фэнтези",2010,США,8.4
130,Дом Gucci,"криминал, драма, триллер",2021,США,8.4
131,Человек-паук: Вдали от дома,"фантастика, боевик",2019,США,8.4
132,Движение вверх,"спорт, драма",2017,Россия,8.4
133,Служебный роман,"мелодрама, комедия",1977,СССР,8.4
134,Сонная лощина,"триллер, ужасы, фантастика",1999,США,8.4
135,Гарри Поттер и Дары смерти. Часть первая,"семейный, фэнтези, драма, мистика, приключения",2010,США / Великобритания,8.4
136,Человек божий,драма,2021,Греция,8.4
137,Гарри Поттер и кубок огня,"семейный, приключения, триллер, фэнтези, сказка",2005,США / Великобритания,8.3
138,Три богатыря и шамаханская царица,"сказка, анимация",2010,Россия,8.3
139,Мистер и миссис Смит,"триллер, приключения, боевик, мелодрама",2005,США,8.3
140,Университет монстров,"комедия, семейный, фэнтези, приключения, анимация",2013,США,8.3
141,Жестокие игры,"мелодрама, драма, триллер",1999,США,8.3
142,Господин Никто,"фантастика, фэнтези, драма, мелодрама",2009,Бельгия / Канада / Франция,8.3
143,Чемпион мира,драма,2021,Россия,8.3
144,Крепкий орешек,"триллер, криминал, боевик",1988,США,8.3
145,Круиз по джунглям,приключения,2021,США,8.3
146,Анастасия,"анимация, сказка, драма, мюзикл, семейный, приключения",1997,США,8.3
147,Динозавр,"семейный, приключения, анимация",2000,США,8.3
148,Шерлок Холмс: Игра теней,"приключения, криминал",2011,США,8.3
149,Гарри Поттер и философский камень,"приключения, семейный, сказка",2001,Великобритания / США,8.3
150,Камуфляж и шпионаж,"анимация, фантастика, семейный",2019,США,8.3
151,Престиж,"сказка, триллер, фантастика, драма",2006,США / Великобритания,8.3
152,Семь,"мистика, криминал, триллер",1995,США,8.3
153,По соображениям совести,"военный, драма, биография",2016,США,8.3
154,Гарри Поттер и Тайная Комната,"мистика, приключения, сказка, семейный",2002,США / Великобритания / Германия,8.3
155,Энканто,"приключения, анимация, комедия",2021,США / Колумбия,8.3
156,"Где ты, Адам?",документальный,2019,Россия,8.3
157,Время,фантастика,2011,США,8.3
158,РЭД,"комедия, боевик",2010,США,8.3
159,Темный рыцарь,"драма, мистика, триллер, боевик",2008,США,8.3
160,Рио,"комедия, семейный, анимация, приключения",2011,США,8.3
161,Притворись моей женой,"мелодрама, комедия",2011,США,8.3
162,Красавица и чудовище,"сказка, мелодрама, мюзикл, семейный, анимация",1991,США,8.3
163,Телохранитель киллера,"боевик, комедия",2017,США,8.3
164,Шрэк 2,"сказка, комедия, анимация, приключения, семейный",2004,США,8.3
165,Ледниковый период 3: Эра динозавров,"приключения, анимация, семейный, комедия",2009,США,8.3
166,Брестская крепость,"драма, военный",2010,Россия / Беларусь,8.3
167,Черный лебедь,"драма, триллер",2010,США,8.3
168,Мумия,"триллер, комедия, боевик, сказка, ужасы, приключения",1999,США,8.3
169,Аладдин,"сказка, мюзикл, семейный, анимация, комедия, приключения",1992,США,8.3
170,Форсаж 5,"боевик, приключения",2011,США,8.3
171,Константин: повелитель тьмы,"триллер, боевик, сказка, драма",2005,США / Германия,8.3
172,Майкл Джексон: Вот и все,"документальный, мюзикл",2009,США,8.3
173,Тор: Рагнарёк,"фэнтези, драма, боевик",2017,США,8.3
174,Заложница,"триллер, боевик",2008,Франция,8.3
175,Ральф,анимация,2012,США,8.3
176,Логан,"боевик, фантастика",2017,США,8.3
177,Властелин Колец: Возвращение Короля,фэнтези,2003,США / Новая Зеландия / Германия,8.3
178,Корпорация Монстров,"семейный, сказка, комедия, анимация",2001,США,8.3
179,Легенда №17,"биография, спорт",2012,Россия,8.3
180,Капернаум,драма,2018,Ливан / Франция,8.3
181,Проза бродячих псов. Фильм,"анимация, аниме ",2018,Япония,8.3
182,Босс-молокосос 2,анимация,2021,США,8.3
183,Терминатор,"триллер, фантастика, боевик",1984,Великобритания / США,8.3
184,До встречи с тобой,мелодрама,2016,США,8.3
185,"Всегда говори ""Да""",комедия,2008,США,8.3
186,Трансформеры,"боевик, приключения, фантастика",2007,США,8.3
187,Исчезнувшая,"триллер, драма",2014,США,8.3
188,The Box,"драма, музыка, мюзикл",2021,Корея,8.3
189,Маска,"фэнтези, криминал, комедия",1994,США,8.3
190,Апокалипсис,"боевик, приключения, драма",2006,США,8.3
191,Дитя погоды,"аниме , мелодрама, анимация, фэнтези",2019,Япония,8.3
192,Первому игроку приготовиться,"фантастика, боевик, триллер",2018,США,8.3
193,Аладдин,"приключения, мюзикл",2019,США,8.3
194,Джон Картер,"приключения, фантастика, боевик, фэнтези",2012,США,8.3
195,Иллюзия обмана,"криминал, триллер",2013,США,8.3
196,Тайна третьей планеты,"анимация, приключения, семейный, фантастика",1981,СССР,8.3
197,Чужой,"ужасы, фантастика, триллер",1979,США / Великобритания,8.3
198,От заката до рассвета,"боевик, триллер, ужасы",1995,США,8.2
199,Большой красный пес Клиффорд,"анимация, семейный",2021,США,8.2
200,Скала,"боевик, приключения",1996,США,8.2
201,Вперёд,"анимация, семейный, приключения, комедия, фэнтези",2019,США,8.2
202,Волк и теленок,"семейный, анимация, сказка",1984,СССР,8.2
203,Люди в черном,боевик,1997,США,8.2
204,Гарри Поттер и узник Азкабана,"приключения, семейный, фэнтези",2004,США / Великобритания,8.2
205,Финник,"анимация, приключения, комедия",2022,Россия,8.2
206,Камон Камон,драма,2021,США,8.2
207,Эффект бабочки,"драма, триллер, фантастика",2004,США,8.2
208,Непослушник,комедия,2021,Россия,8.2
209,Алеша Попович и Тугарин Змей,"семейный, сказка, анимация",2004,Россия,8.2
210,Соник в кино,фэнтези,2019,США,8.2
211,Доспехи Бога,"приключения, боевик, комедия",1987,Гонконг / Югославия,8.2
212,Мальчишник 2: Из Вегаса в Бангкок,комедия,2011,США,8.2
213,Шугалей 3,боевик,2021,Россия,8.2
214,Хоббит: Битва Пяти Воинств,"фэнтези, приключения",2014,США,8.2
215,300 спартанцев,"приключения, драма, боевик",2007,США,8.2
216,Голая правда,"мелодрама, комедия",2009,США,8.2
217,Лучшее во мне,"мелодрама, драма",2014,США,8.2
218,Звезда родилась,"драма, мелодрама, мюзикл",2018,США,8.2
219,Последний Богатырь: Посланник Тьмы,"приключения, фэнтези, семейный",2021,Россия,8.2
220,Сумерки. Сага. Рассвет: Часть 1,"фэнтези, мелодрама",2011,США,8.2
221,Мадагаскар 2,"сказка, семейный, анимация, комедия, приключения",2008,США,8.2
222,Предложение,"мелодрама, комедия",2009,США,8.2
223,Семья по-быстрому,комедия,2018,США,8.2
224,Отступники,"криминал, драма, триллер",2006,США,8.2
225,Три метра над уровнем неба,драма,2010,Испания,8.2
226,Мистер нокаут,спорт,2022,Россия,8.2
227,Ледниковый период 4: Континентальный дрейф,"комедия, анимация, семейный, приключения",2012,США,8.2
228,28 панфиловцев,"военный, драма",2016,Россия,8.2
229,Доктор Стрэндж,"фэнтези, приключения",2016,США,8.2
230,Т-34,"военный, боевик, приключения",2018,Россия,8.2
231,Лучшее предложение,"мелодрама, драма",2013,Италия,8.2
232,Вольт,"анимация, комедия, семейный",2008,США,8.2
233,Лакричная пицца,"комедия, драма",2021,США,8.2
234,Варкрафт,"приключения, боевик, фэнтези",2016,США,8.2
235,Люди Икс: Первый класс,"боевик, фантастика, драма",2011,США,8.2
236,Люди Икс: Начало. Росомаха,"фантастика, боевик",2009,США / Новая Зеландия / Австралия,8.2
237,Суперсемейка 2,"анимация, детский",2018,США,8.2
238,Помни меня,"драма, мелодрама",2010,США,8.2
239,Собачья жизнь,"драма, комедия",2017,США,8.2
240,Ральф против интернета,"анимация, комедия, фантастика, приключения, семейный",2018,США,8.2
241,"Значит, война","комедия, боевик, мелодрама",2011,США,8.2
242,Салют-7,"драма, исторический",2017,Россия,8.2
243,Впритык,комедия,2010,США,8.2
244,Механик,"драма, боевик",2011,США,8.2
245,Стражи Галактики. Часть 2,"боевик, фантастика",2017,США,8.2
246,Моана,анимация,2016,США,8.2
247,Принцесса Мононоке,"аниме , сказка, приключения, анимация, триллер, драма",1997,Япония,8.2
248,"Я, робот","фантастика, приключения, триллер",2004,США,8.2
249,Легенды ночных стражей,"фэнтези, анимация, приключения",2010,США / Австралия,8.2
250,Список Шиндлера,"исторический, военный, драма, биография",1993,США,8.2
251,Лёд 2,"мелодрама, драма",2020,Россия,8.2
252,Человек-паук: Через вселенные,"анимация, приключения, фантастика",2018,США,8.2
253,Неадекватные люди,комедия,2010,Россия,8.2
254,Поворот не туда,"триллер, ужасы",2003,США,8.2
255,Мстители,боевик,2012,США,8.2
256,О чем говорят мужчины,комедия,2010,Россия,8.2
257,Миллионер из трущоб,"мелодрама, драма, комедия",2008,Великобритания,8.2
258,Индиана Джонс и последний крестовый Поход,"фантастика, боевик, приключения, триллер",1989,США,8.2
259,Кунг-Фу Панда 2,"комедия, анимация",2011,США,8.2
260,Аквамен,"фантастика, приключения, боевик",2018,США,8.2
261,Одиннадцать друзей Оушена,"криминал, триллер",2001,США / Австралия,8.2
262,Ледниковый период 2: Глобальное потепление,"комедия, семейный, анимация",2006,США,8.2
263,Мадагаскар 3,"анимация, семейный",2012,США,8.2
264,Огонь,драма,2020,Россия,8.2
265,Доктор Сон,"мистика, ужасы",2019,США,8.2
266,Молот,"драма, спорт",2016,Россия,8.2
267,Хоббит: Пустошь Смауга,"драма, фэнтези, приключения",2013,США / Новая Зеландия,8.2
268,Король говорит!,"драма, исторический",2010,Великобритания / Австралия,8.2
269,Обитель проклятых,триллер,2014,США,8.2
270,Исходный код,"драма, фантастика",2011,США / Франция,8.1
271,Гадкий я,"семейный, анимация",2010,США,8.1
272,Убойные каникулы,комедия,2009,Канада,8.1
273,Серебряные коньки,"приключения, фэнтези",2020,Россия,8.1
274,Д'Артаньян и три мушкетёра,"мюзикл, приключения",1979,СССР,8.1
275,Добро пожаловать в Зомбилэнд,"комедия, ужасы",2009,США,8.1
276,Смерть на Ниле,"детектив, криминал, драма",2022,США / Великобритания,8.1
277,Дурак,драма,2014,Россия,8.1
278,Рыцарь дня,"боевик, комедия",2010,США,8.1
279,Клаустрофобы,ужасы,2019,США,8.1
280,Балерина,"анимация, семейный",2017,Франция / Канада,8.1
281,После,"драма, мелодрама",2019,США,8.1
282,Пальма,драма,2020,Россия,8.1
283,Дело Ричарда Джуэлла,драма,2019,США,8.1
284,Реквием по мечте,"драма, криминал",2000,США,8.1
285,Отель Мумбаи: Противостояние,"триллер, драма, криминал",2018,Австрия,8.1
286,Индиана Джонс: В поисках утраченного ковчега,"приключения, триллер, боевик",1981,США,8.1
287,Мулан,"семейный, анимация",1998,США,8.1
288,Эквилибриум,"фантастика, триллер",2002,США,8.1
289,Малена,"военный, драма, мелодрама",2000,Италия / США,8.1
290,Джокер,"криминал, драма",2019,США,8.1
291,Джуманджи: Новый уровень,"приключения, комедия",2019,США,8.1
292,Фердинанд,анимация,2017,США,8.1
293,BTS: Love Yourself Tour in Seoul,"документальный, мюзикл",2018,Корея,8.1
294,Трансформеры: Месть падших,"фантастика, приключения, боевик",2009,США,8.1
295,Час пик 2,"триллер, комедия, приключения, боевик",2001,США,8.1
296,Непрощенный,драма,2018,Россия,8.1
297,Крепкий орешек 4.0,"приключения, триллер, боевик",2007,США,8.1
298,Шрэк навсегда,"сказка, приключения, семейный, анимация, комедия",2010,США,8.1
299,Апгрейд,"фантастика, боевик, триллер",2018,Австралия,8.1
300,Гномео и Джульетта,"фэнтези, анимация, мелодрама, семейный",2011,США / Великобритания,8.1
301,Дом странных детей мисс Перегрин,"фэнтези, приключения",2016,США,8.1
302,Команда А,"боевик, триллер, военный",2010,США,8.1
303,Джуманджи: Зов джунглей,"приключения, семейный, фэнтези",2017,США,8.1
304,Майор Гром: Чумной Доктор,"фантастика, драма, боевик",2021,Россия,8.1
305,Свингеры ,"комедия, мелодрама",2021,Россия,8.1
306,Железный человек 3,"фантастика, боевик, приключения",2013,США,8.1
307,Брюс Всемогущий,"сказка, комедия",2003,США,8.1
308,Час пик,"триллер, боевик, комедия",1998,США,8.1
309,Ангел А,"мелодрама, комедия",2005,Франция,8.1
310,Заклятие,"триллер, ужасы",2013,США,8.1
311,Три дня на побег,"триллер, мелодрама, драма",2010,США,8.1
312,Девчата,"мелодрама, комедия",1961,СССР,8.1
313,Укрась прощальное утро цветами обещания,"анимация, драма, приключения, аниме ",2018,Япония,8.1
314,Мотылек,"драма, криминал, биография",2017,Сербия / Черногория / Мальта / США,8.1
315,Девушка с татуировкой дракона,"криминал, триллер",2011,США,8.1
316,Бурлеск,"мелодрама, мюзикл, драма",2010,США,8.1
317,Небесный замок Лапута,"сказка, анимация, семейный, приключения, аниме ",1986,Япония,8.1
318,Стражи Галактики,"фантастика, боевик, приключения",2014,США,8.1
319,Адреналин,"драма, боевик, триллер",2006,Великобритания / США,8.1
320,Плохие парни навсегда,"боевик, криминал, комедия",2020,США,8.1
321,Путь домой,"приключения, семейный",2019,США,8.1
322,Лицо со шрамом,"драма, криминал",1983,США,8.1
323,Годзилла,"боевик, фантастика",1998,США / Япония,8.1
324,Гонка,"биография, драма, боевик, спорт",2012,США,8.1
325,Быстрый и мертвый,вестерн,1995,США / Япония,8.1
326,Секретарша,"комедия, мелодрама",2002,США,8.1
327,Семь жизней,драма,2008,США,8.1
328,Звездная пыль,"приключения, мелодрама, сказка",2007,Великобритания / США,8.1
329,Гадкий я 3,"приключения, комедия, анимация",2017,США,8.1
330,Неудержимые,боевик,2010,США,8.1
331,2012,"драма, фантастика, боевик, триллер, приключения",2009,США / Канада,8.1
332,Гарри Поттер и Орден Феникса,"сказка, семейный, драма, приключения",2007,Великобритания / США,8.1
333,Район №9,фантастика,2009,США,8.1
334,Семейка Крудс,"анимация, комедия, приключения, семейный",2013,США,8.1
335,Робот по имени Чаппи,"боевик, триллер",2015,США / Мексика,8.1
336,Спасти рядового Райана,"боевик, военный, драма",1998,США,8.1
337,Погребенный заживо,"криминал, триллер",2010,Испания,8.1
338,Астрал,"ужасы, триллер",2011,США,8.1
339,Вечное сияние чистого разума,"драма, комедия, мелодрама",2004,США,8.1
340,Величайший шоумен,"мюзикл, биография, драма",2018,США,8.1
341,Адмиралъ,"драма, биография, исторический",2008,Россия,8.1
342,Патриот,"драма, военный, боевик",2000,Германия / США,8.1
343,Игры разумов,"драма, детектив, биография",2018,Ирландия,8.1
344,Звездные Войны: Эпизод III - Месть ситхов,"фантастика, приключения, боевик",2005,США,8.1
345,Мегамозг,"комедия, семейный, анимация",2010,США,8.1
346,Монстры на каникулах 3: Море зовет,"анимация, семейный, комедия",2018,США,8.1
347,На крючке,"драма, триллер",2008,США,8.1
348,Социальная сеть,"исторический, драма",2010,США,8.1
349,Семейка Аддамс: Горящий тур,"анимация, ужасы, комедия, семейный",2021,США / Великобритания / Канада,8.1
350,Кот в сапогах,"фэнтези, комедия, анимация, приключения",2011,США,8.1
351,Ржев,"военный, драма",2019,Россия,8.0
352,Дэдпул 2,"боевик, приключения, комедия, фантастика",2018,США,8.0
353,В погоне за счастьем,"комедия, драма",2006,США,8.0
354,Тайная жизнь домашних животных 2,"анимация, комедия",2019,США,8.0
355,100 вещей и ничего лишнего,комедия,2018,Германия,8.0
356,Стикер,"мелодрама, детектив",2022,Россия,8.0
357,Васаби,"приключения, криминал, биография, комедия",2001,Франция / Япония,8.0
358,Небоскреб,боевик,2018,США,8.0
359,Чтец,"мелодрама, исторический, военный, драма, триллер",2008,США / Германия,8.0
360,Клаустрофобы 2: Лига выживших,"ужасы, триллер",2021,США,8.0
361,Три метра над уровнем неба. Я тебя хочу,"мелодрама, драма",2012,Испания,8.0
362,Зеркала,ужасы,2008,США,8.0
363,Шоколад,"драма, комедия, мелодрама",2000,Великобритания / США,8.0
364,Крестный отец 2,"триллер, драма",1974,США,8.0
365,Девятые врата,"мистика, ужасы, триллер",1999,Испания / Франция / США,8.0
366,Поезд в Пусан,"ужасы, боевик, триллер",2016,Корея,8.0
367,Храбрая сердцем,"семейный, анимация",2012,США,8.0
368,Интерстеллар,фантастика,2014,США / Великобритания,8.0
369,Бамблби,"фантастика, боевик",2018,США,8.0
370,Мост в Терабитию,"фэнтези, семейный, приключения",2007,США,8.0
371,Меч короля Артура,"фэнтези, боевик, драма, приключения",2017,США,8.0
372,Время первых,"драма, исторический",2017,Россия,8.0
373,Невидимый гость,"криминал, триллер, детектив",2017,Испания,8.0
374,Алиса в Зазеркалье,"семейный, приключения, фэнтези",2016,США,8.0
375,Заклятие 3: По воле дьявола,ужасы,2021,США,8.0
376,Пункт назначения,"фантастика, ужасы, триллер",2000,США,8.0
377,Валериан и город тысячи планет,"фантастика, боевик, приключения",2017,Франция,8.0
378,Смертельная гонка,"фантастика, триллер, приключения, боевик",2008,США,8.0
379,Город героев,"комедия, боевик, анимация, семейный",2014,США,8.0
380,Железный человек 2,"фантастика, боевик",2010,США,8.0
381,Обещание,"драма, исторический, триллер",2016,США,8.0
382,Каратэ-пацан,"драма, семейный, спорт, боевик",2010,США,8.0
383,Лёд,мелодрама,2017,Россия,8.0
384,Мир Юрского периода 2,"фантастика, боевик, приключения",2018,США,8.0
385,Рэмпейдж,"боевик, фантастика, приключения",2018,США,8.0
386,Обливион,"боевик, фантастика",2013,США,8.0
387,Восстание планеты обезьян,"фантастика, боевик, приключения",2011,США,8.0
388,Последняя дуэль,драма,2021,США,8.0
389,Землетрясение,драма,2016,Россия,8.0
390,Дьявол,"ужасы, триллер",2010,США,8.0
391,Чудо на Гудзоне,"драма, биография",2016,США,8.0
392,Правдивая ложь,"боевик, комедия, триллер, приключения, мелодрама",1994,США,8.0
393,Монстры на каникулах,"комедия, анимация, семейный",2012,США,8.0
394,Спирит: Душа прерий,"вестерн, анимация, приключения, семейный",2002,США,8.0
395,Охотники за привидениями,"комедия, фантастика, боевик",1984,США,8.0
396,Чужие,"триллер, ужасы, боевик, фантастика",1986,США / Великобритания,8.0
397,Шерлок: Безобразная невеста,детектив,2016,Великобритания,8.0
398,"С любовью, Рози","комедия, мелодрама",2014,Великобритания / США,8.0
399,Последний самурай,"приключения, боевик, военный, драма",2003,США,8.0
400,Белый плен,"приключения, семейный, драма, мелодрама",2005,США,8.0
401,Призрак,"криминал, драма, триллер",2010,США,8.0
402,Мальчишник в Вегасе,комедия,2009,США,8.0
403,Последний богатырь,"семейный, комедия",2017,Россия,8.0
404,Рождественская история,"драма, фэнтези, анимация, семейный",2009,США,8.0
405,Воды слонам!,драма,2011,США,8.0
406,"Три билборда на границе Эббинга, Миссури","драма, триллер, криминал",2017,США / Великобритания,8.0
407,Воспоминания,"фантастика, триллер, мелодрама",2021,США,8.0
408,За бортом,"мелодрама, комедия",2018,США,8.0
409,Пророк,"фантастика, триллер, боевик",2007,США,8.0
410,Игра Эндера,"фантастика, приключения",2013,США,8.0
411,Ежик в тумане,детский,1975,СССР,8.0
412,Ученик чародея,"сказка, семейный, приключения, драма, боевик",2010,США,8.0
413,Гринч,анимация,2018,США,8.0
414,Трансформеры 3: Темная сторона Луны,"приключения, боевик, фантастика",2011,США,8.0
415,Дюна,"фантастика, боевик, приключения",2021,США,8.0
416,Мы - Миллеры,комедия,2013,США,8.0
417,Первый Мститель: Противостояние,"боевик, фантастика",2016,США,8.0
418,Терминал,"мелодрама, драма",2004,США,8.0
419,Рождество на двоих,"мелодрама, комедия",2019,США,8.0
420,Скорость,"триллер, криминал, боевик",1994,США,8.0
421,Ранго,"семейный, приключения, анимация",2011,США,8.0
422,Путешествие 2: Таинственный остров,"фантастика, приключения",2011,США,8.0
423,Счастье в конверте,семейный,2020,Россия,8.0
424,История игрушек: Большой побег,"драма, приключения, комедия, анимация, семейный",2010,США,8.0
425,Одаренная,драма,2017,США,8.0
426,Как приручить дракона 2,"комедия, фэнтези, анимация, боевик, приключения",2014,США,8.0
427,Царство небесное,"мелодрама, военный, драма",2005,Испания / США,8.0
428,Василиса,"мелодрама, исторический",2014,Россия,8.0
429,После. Глава 2,мелодрама,2020,США,8.0
430,Марсианин,"фантастика, приключения",2015,США,8.0
431,Вестсайдская история,"мюзикл, мелодрама, криминал",2021,США,8.0
432,Доберман,боевик,1997,Франция,8.0
433,Астерикс и тайное зелье,анимация,2018,Франция,8.0
434,Сумерки. Сага. Рассвет: Часть 2,"мелодрама, фэнтези",2012,США,8.0
435,Джон Уик 2,боевик,2016,США,8.0
436,Стажер,комедия,2015,США,8.0
437,Фантастические твари и где они обитают,"семейный, фэнтези, приключения",2016,Великобритания / США,8.0
438,Посвященный,"фантастика, драма, фэнтези",2014,США,8.0
439,Кома,"фантастика, боевик, приключения",2019,Россия,8.0
440,Плохие парни 2,"боевик, комедия, триллер",2003,США,7.9
441,Дом восковых фигур,"ужасы, триллер",2005,Австралия / США,7.9
442,Отличница легкого поведения,"комедия, мелодрама",2010,США,7.9
443,Армагеддон,"триллер, драма, фантастика, мелодрама, боевик",1998,США,7.9
444,Звездные собаки: Белка и Стрелка,"детский, анимация, семейный",2010,Россия,7.9
445,Экипаж,драма,2012,США,7.9
446,Паранормальное явление 3,ужасы,2011,США,7.9
447,Человек дождя,драма,1988,США,7.9
448,Бойфренд из будущего,"фантастика, комедия, драма",2013,Великобритания,7.9
449,Хранители снов,"семейный, анимация, приключения",2012,США,7.9
450,Эверест,"драма, приключения, триллер",2015,США / Великобритания,7.9
451,Меняющие реальность,"фантастика, мелодрама",2010,США,7.9
452,Хроники Нарнии: Покоритель зари,приключения,2010,Великобритания,7.9
453,Бэтмен: начало,"криминал, триллер, приключения, сказка, боевик",2005,США,7.9
454,Форсаж: Хоббс и Шоу,"боевик, криминал",2019,США,7.9
455,Расплата,драма,2016,США,7.9
456,28 недель спустя,"фантастика, триллер, ужасы",2007,Великобритания,7.9
457,Форсаж 4,боевик,2009,США,7.9
458,Мег: Монстр глубины,"ужасы, фантастика, боевик",2018,США,7.9
459,Смешарики. Начало,"анимация, детский",2011,Россия,7.9
460,Арахисовый сокол,приключения,2019,США,7.9
461,Робин Гуд,"боевик, драма",2010,США,7.9
462,Кролик Питер,"анимация, семейный, детский",2018,США,7.9
463,Турецкий гамбит,"криминал, исторический, приключения, военный",2005,Россия,7.9
464,"Знакомьтесь, Джо Блэк","мелодрама, мистика, фэнтези, драма",1998,США,7.9
465,Один дома,"криминал, комедия, семейный",1990,США,7.9
466,Отряд самоубийц,"боевик, фантастика",2016,США,7.9
467,Вспомнить все,"приключения, ужасы, боевик, триллер, фантастика",1990,США,7.9
468,Аритмия,"драма, мелодрама",2017,Россия,7.9
469,Элвин и бурундуки 2,"фантастика, комедия, семейный, мюзикл",2009,США,7.9
470,Кровавый алмаз,"триллер, драма, приключения",2006,США,7.9
471,Ван Хельсинг,"приключения, ужасы, боевик, сказка",2004,США / Чехия,7.9
472,Мама,"семейный, сказка, мюзикл",1976,СССР / Франция / Румыния,7.9
473,Крид 2,"спорт, драма, боевик",2018,США,7.9
474,Каникулы строгого режима,"комедия, криминал",2009,Россия,7.9
475,Человек-муравей и Оса,"фантастика, боевик, приключения",2018,США,7.9
476,Поезд на Юму,вестерн,2007,США,7.9
477,Схватка,"драма, криминал",1995,США,7.9
478,Сладкий ноябрь,"комедия, драма, мелодрама",2001,США,7.9
479,Пять невест,комедия,2011,Россия,7.9
480,Пила 6,"триллер, мистика, криминал, ужасы",2009,США / Канада / Великобритания / Австралия,7.9
481,Безумный Макс: Дорога ярости,"приключения, боевик",2015,Австралия,7.9
482,Неизвестный,"драма, криминал, триллер",2011,США,7.9
483,Джон Уик,"боевик, триллер",2014,США,7.9
484,Элвин и бурундуки 3,"семейный, мюзикл, комедия",2011,США,7.9
485,Опасная игра Слоун,драма,2016,США,7.9
486,Выживший,"приключения, драма",2015,США,7.9
487,Оно приходит ночью,"ужасы, триллер, драма",2017,США,7.9
488,Полицейский с Рублевки. Новогодний беспредел,"комедия, драма, криминал",2018,Россия,7.9
489,Неисправимый Рон,анимация,2021,США,7.9
490,Сайлент Хилл,"ужасы, триллер",2006,Канада / Франция,7.9
491,Три богатыря и наследница престола,"анимация, приключения, семейный",2018,Россия,7.9
492,Форсаж 8,"боевик, триллер, криминал",2017,США,7.9
493,2+1,"комедия, семейный, драма, мелодрама",2016,Франция / Великобритания,7.9
494,История Рыцаря,"приключения, комедия, мелодрама, боевик",2001,США,7.9
495,Тор,"боевик, приключения, драма",2011,США,7.9
496,Красавчик,"мелодрама, комедия",2007,Германия,7.9
497,Илья Муромец и Соловей Разбойник,"приключения, комедия, семейный, анимация",2007,Россия,7.9
498,Время ведьм,"приключения, фэнтези, драма, триллер",2010,США,7.9
499,Двойная жизнь Чарли Сан-Клауда,драма,2010,США,7.9
500,Смертельная битва,"боевик, фэнтези, фантастика, триллер, приключения",1995,США,7.9
501,Казино Рояль,"приключения, боевик, триллер",2006,США / Германия / Великобритания / Чехия,7.9
502,Темный рыцарь: Возрождение легенды,"драма, триллер, боевик",2012,США / Великобритания,7.9
503,Зорро,"комедия, семейный, вестерн, приключения",1975,Франция / Италия,7.9
504,Терминатор: да придет спаситель,"триллер, фантастика, боевик, драма, приключения",2009,США / Германия / Великобритания,7.9
505,Lil Peep: Всё для всех,документальный,2019,США,7.9
506,Во власти стихии,драма,2018,США,7.9
507,9 рота,"драма, военный",2005,Россия / Финляндия / Украина,7.9
508,Однажды в Вегасе,комедия,2008,США,7.9
509,Подольские курсанты,"военный, исторический, драма",2020,Россия,7.9
510,Пипец,"боевик, драма, комедия",2009,США,7.9
511,Мавританец,"драма, триллер",2021,США,7.9
512,Парфюмер: история одного убийцы,"триллер, драма",2006,Германия / Франция / Испания / США,7.9
513,Воровка книг,драма,2014,США,7.9
514,Тихое место 2,ужасы,2021,США,7.9
515,Форсаж,"триллер, боевик, криминал",2001,США / Германия,7.9
516,Приключения Паддингтона 2,"фэнтези, семейный, приключения",2017,Великобритания / Франция,7.9
517,Послезавтра,"триллер, боевик, фантастика, драма",2004,США,7.9
518,Из Парижа с любовью,боевик,2009,Франция,7.9
519,Океаны,"драма, документальный",2009,Франция / Швейцария / Испания / Монако,7.9
520,Шоу Трумана,"драма, фантастика",1998,США,7.9
521,Банды Нью-Йорка,"драма, исторический",2002,США / Германия / Италия / Великобритания / Нидерланды,7.9
522,И грянул шторм,"драма, триллер",2016,США,7.9
523,Паранормальное явление 2,ужасы,2010,США,7.9
524,Клятва,"мелодрама, драма",2011,США,7.8
525,Я плюю на ваши могилы,ужасы,2010,США,7.8
526,Тор 2: Царство тьмы,"приключения, боевик",2013,США,7.8
527,Два дня,мелодрама,2011,Россия,7.8
528,Город тайн,"криминал, драма, мистика",2020,Австралия / США,7.8
529,Пандорум,"ужасы, фантастика",2009,США / Германия,7.8
530,Особое мнение,"фантастика, боевик, триллер",2002,США,7.8
531,Джейн Остин,"биография, драма, мелодрама",2007,США / Великобритания / Ирландия,7.8
532,Angry Birds 2 в кино,"анимация, детский",2019,США,7.8
533,Тачки 3,"детский, анимация, приключения",2017,США,7.8
534,Форсаж 6,"боевик, драма, триллер, криминал",2013,США,7.8
535,М+Ж,"комедия, мелодрама",2009,Россия,7.8
536,Хочу как ты,комедия,2011,США,7.8
537,А зори здесь тихие...,"военный, драма, исторический",2015,Россия,7.8
538,Балканский рубеж,"боевик, драма, военный",2019,Россия / Сербия,7.8
539,Мгла,ужасы,2007,США,7.8
540,Эдвард руки-ножницы,"сказка, драма, мелодрама, комедия",1990,США,7.8
541,Любовь в большом городе 2,комедия,2010,Россия,7.8
542,Доспехи Бога 3: миссия Зодиак,"боевик, приключения",2012,Гонконг / Китай,7.8
543,"Суини Тодд, демон-парикмахер с Флит-стрит","мюзикл, ужасы, триллер",2007,США,7.8
544,Однажды в Америке,драма,1983,США / Италия,7.8
545,Труп невесты,"анимация, сказка",2005,США,7.8
546,Турист,"драма, триллер",2010,США,7.8
547,Заколдованный мальчик,"семейный, анимация",1955,СССР,7.8
548,План побега,"триллер, боевик, фантастика",2013,США,7.8
549,Кто я,триллер,2014,Германия,7.8
550,Поп,драма,2010,Россия,7.8
551,Кинг Конг,"драма, фантастика, приключения, боевик",2005,США,7.8
552,Дом у озера,"мелодрама, драма",2006,США,7.8
553,Экипаж,"драма, приключения, триллер",2016,Россия,7.8
554,Люди в черном 3,"фантастика, приключения, боевик",2012,США,7.8
555,Ультиматум Борна,"приключения, триллер, драма, боевик",2007,США,7.8
556,Ёлки,комедия,2010,Россия,7.8
557,Сибирский цирюльник,"исторический, драма, мелодрама",1998,Россия / Франция / Италия / Чехия,7.8
558,Облачный атлас,фантастика,2012,США,7.8
559,Великий уравнитель 2,"боевик, криминал, триллер",2018,США,7.8
560,Красотка,комедия,1990,США,7.8
561,Черная Пантера,"драма, боевик, фантастика",2018,США,7.8
562,Простая просьба,"триллер, криминал, детектив",2018,США,7.8
563,На гребне волны,"драма, приключения, биография, триллер, криминал",1991,США,7.8
564,Обитель зла,"ужасы, боевик, триллер, фантастика",2002,Германия / Франция / Великобритания,7.8
565,Тепло наших тел,"мелодрама, драма, ужасы",2013,США,7.8
566,Охотники за привидениями: наследники,"фантастика, приключения, комедия",2021,США,7.8
567,Американская история Х,"криминал, драма",1998,США,7.8
568,Судья,драма,2014,США,7.8
569,Усатый нянь,комедия,1977,СССР,7.8
570,Луна 2112,"триллер, фантастика",2009,Великобритания,7.8
571,Шаг вперед,"мелодрама, мюзикл, драма",2006,США,7.8
572,Пингвины мистера Поппера,комедия,2011,США,7.8
573,Астерикс: Земля Богов,"анимация, приключения",2014,Франция,7.8
574,Kingsman: Секретная служба,триллер,2014,Великобритания,7.8
575,Жена путешественника во времени,"мелодрама, драма, фантастика",2009,США,7.8
576,Малыш на драйве,"боевик, криминал, триллер",2017,США / Великобритания,7.8
577,Двойной форсаж,"боевик, триллер, драма, криминал",2003,США / Германия,7.8
578,Конг: Остров черепа,"приключения, боевик, фэнтези",2017,США,7.8
579,1408,"триллер, ужасы",2007,США,7.8
580,Другие,"ужасы, фантастика, мистика, триллер, драма",2001,Испания / Франция / США,7.8
581,Гадкий я 2,"анимация, семейный",2013,США,7.8
582,9,"анимация, военный, фантастика, приключения",2009,США,7.8
583,Мстители: Эра Альтрона,"боевик, приключения, фантастика",2015,США,7.8
584,Агенты А.Н.К.Л.,"комедия, приключения, боевик",2015,США,7.8
585,Человек-паук: Возвращение домой,"боевик, фантастика, приключения",2017,США,7.8
586,Артист,мелодрама,2011,Франция,7.8
587,Харлей Дэвидсон и ковбой Мальборо,"триллер, боевик, драма, вестерн",1991,США,7.8
588,Взрыв из прошлого,"мелодрама, комедия, драма",1999,США,7.8
589,Неуправляемый,"триллер, драма, боевик",2010,США,7.8
590,Коммандос,"боевик, приключения",1985,США,7.8
591,Французский вестник. Приложение к газете «Либерти. Канзас ивнинг сан»,"мелодрама, комедия",2021,США,7.8
592,Капитан Марвел,"приключения, фэнтези, боевик",2019,США,7.8
593,Легенды осени,"драма, военный, вестерн",1994,США,7.8
594,Навсикая из долины Ветров,"фантастика, аниме , приключения, драма, анимация",1984,Япония,7.8
595,Голодные игры: И вспыхнет пламя,"боевик, фантастика, триллер",2013,США,7.8
596,Я - Четвертый,"фантастика, боевик",2011,США,7.8
597,Легенда,"триллер, драма, криминал",2015,Великобритания / Франция,7.8
598,Меня зовут Кхан,"драма, мелодрама",2010,Индия,7.8
599,Идеальные незнакомцы,"драма, комедия",2016,Италия,7.8
600,Поиск,триллер,2018,США,7.8
601,Смывайся!,"семейный, комедия, анимация",2006,США / Великобритания,7.8
602,Кощей. Начало,"анимация, приключения, семейный",2021,Россия,7.8
603,Гарри Поттер и Принц-Полукровка,"фэнтези, семейный, приключения",2008,Великобритания / США,7.8
604,Крупная рыба,"приключения, сказка, комедия, драма",2003,США,7.8
605,Иллюзионист,"драма, мелодрама, приключения",2006,США / Чехия,7.8
606,"007: Координаты ""Скайфолл""","приключения, боевик, триллер",2012,США / Великобритания,7.8
607,Чужой 3,"триллер, драма, боевик, фантастика, ужасы",1992,США,7.8
608,Неудержимые 2,"приключения, триллер, боевик",2012,США,7.8
609,Сестренка,"военный, драма",2019,Россия,7.8
610,Волшебная страна,"биография, семейный, драма",2004,Великобритания / США,7.8
611,Классный мюзикл: Выпускной,"мелодрама, комедия, мюзикл, семейный, драма",2008,США,7.8
612,Джек Ричер,"триллер, детектив",2012,США,7.8
613,Призрак оперы,"драма, триллер, мюзикл, сказка, мелодрама",2004,США / Великобритания,7.8
614,Великий Гэтсби,"драма, исторический",2013,США,7.8
615,Фиксики против кработов,"анимация, детский",2019,Россия,7.8
616,"Пароль ""Рыба-меч""","триллер, криминал, боевик",2001,США / Австралия,7.8
617,Инферно,"триллер, приключения",2016,США / Япония / Турция / Венгрия,7.8
618,Великий,драма,2020,США,7.8
619,Монте-Карло,комедия,2011,США,7.8
620,Ниндзя-убийца,боевик,2009,США,7.8
621,Бесконечная история,"сказка, приключения, драма",1984,ФРГ / США,7.8
622,Хищник,"боевик, ужасы, триллер, фантастика",1987,США,7.8
623,Ёлки 2,комедия,2011,Россия,7.8
624,Город грехов,"криминал, триллер, драма, боевик",2005,США,7.8
625,Гангстер,"криминал, драма",2007,США,7.8
626,Хижина в лесу,"ужасы, триллер",2012,США,7.8
627,Джейн Эйр,"мелодрама, драма",2011,Великобритания,7.8
628,Ветер крепчает,"драма, анимация, аниме ",2013,Япония,7.8
629,Порок на экспорт,"драма, триллер, мистика",2007,Великобритания / Канада / США,7.8
630,Классный мюзикл,"мелодрама, комедия, семейный, мюзикл",2006,США,7.8
631,Шевели ластами,"анимация, приключения",2009,Бельгия,7.8
632,Зверопой,"мюзикл, анимация",2016,США,7.7
633,Чудаки 3D,"документальный, комедия",2010,США,7.7
634,Сайлент Хилл 2 3D,ужасы,2012,США / Франция,7.7
635,Оно,"ужасы, триллер",2017,США,7.7
636,Артур и Минипуты,"анимация, сказка, семейный",2006,США / Франция,7.7
637,Рокки,"спорт, мелодрама, драма",1976,США,7.7
638,Дом,"анимация, фэнтези, приключения, фантастика",2015,США,7.7
639,Судный день,"драма, триллер, боевик, ужасы",2008,Великобритания,7.7
640,Сумерки. Сага. Затмение,"мелодрама, фэнтези",2010,США,7.7
641,Отпуск по обмену,"мелодрама, комедия",2006,США,7.7
642,Бой с тенью,"боевик, драма",2005,Россия,7.7
643,Космос между нами,фантастика,2016,США,7.7
644,Игра теней,боевик,2022,США / Китай / Австралия,7.7
645,Тренер,"спорт, драма",2018,Россия,7.7
646,История игрушек 4,"комедия, фэнтези, детский, семейный",2019,США,7.7
647,Мой сосед Тоторо,"аниме , сказка, семейный, анимация",1988,Япония,7.7
648,Книжный клуб,комедия,2018,США,7.7
649,Тайна 7 сестер,"фантастика, триллер",2017,Великобритания,7.7
650,Последняя песня,драма,2010,США,7.7
651,Блэйд,"ужасы, триллер, боевик",1998,США,7.7
652,Выстрел в пустоту,"триллер, драма, криминал",2017,США,7.7
653,127 часов,драма,2010,США / Великобритания,7.7
654,Красная шапочка,"драма, триллер, фэнтези",2011,США,7.7
655,Рэмбо: первая кровь,"боевик, драма, триллер",1982,США,7.7
656,Разбогатей или сдохни,"драма, мюзикл, боевик, криминал",2005,США,7.7
657,Мирай из будущего,"анимация, фэнтези, аниме ",2018,Япония,7.7
658,Том и Джерри,анимация,2021,США,7.7
659,Дориан Грей,драма,2009,Великобритания,7.7
660,Старикам тут не место,"драма, триллер, приключения",2007,США,7.7
661,Форсаж 7,"криминал, триллер, боевик",2015,США,7.7
662,Чёрная Вдова,"фантастика, боевик, приключения",2021,США,7.7
663,Тачки 2,"анимация, комедия, семейный",2011,США,7.7
664,Плохие парни,"триллер, боевик, комедия",1995,США,7.7
665,Большое путешествие вглубь океанов 3D: Возвращение,документальный,2009,Германия / Великобритания / Австрия,7.7
666,Легенда острова Двид,"приключения, семейный",2010,Россия,7.7
667,Грех,"драма, биография, исторический",2018,Россия / Италия,7.7
668,Другой мир,"сказка, боевик, ужасы",2003,США / Германия / Венгрия / Великобритания,7.7
669,Долгая дорога домой,"триллер, драма, мистика",2017,Россия,7.7
670,Невероятный Халк,боевик,2008,США,7.7
671,Секс по дружбе,комедия,2011,США,7.7
672,Первый встречный,"комедия, музыка, мелодрама",2022,США,7.7
673,Звездный путь,"боевик, фантастика, драма",2009,США,7.7
674,Санктум,"триллер, драма, приключения",2011,США,7.7
675,Защитник,криминал,2011,США,7.7
676,Анна Каренина,драма,2008,Россия,7.7
677,LOL (ржунимагу),комедия,2008,Франция,7.7
678,Семейка Аддамс,"анимация, фэнтези",2019,США,7.7
679,Дамбо,"семейный, фэнтези, приключения",2019,США,7.7
680,Призрак в доспехах,"криминал, драма, фантастика, боевик",2017,США,7.7
681,Территория,"драма, приключения",2014,Россия,7.7
682,Mamma Mia 2,мюзикл,2018,США,7.7
683,Падение Лондона,"криминал, боевик, триллер",2015,США / Великобритания,7.7
684,Щенячий патруль в кино,"анимация, приключения",2021,США / Канада,7.7
685,Обитель зла: Последняя глава,"триллер, боевик, ужасы, фантастика",2016,Германия / Австралия / Канада / Франция,7.7
686,Чудо-женщина,"боевик, приключения, фантастика",2017,США,7.7
687,"Облачно, возможны осадки в виде фрикаделек","семейный, анимация",2009,США,7.7
688,Паркер,"криминал, триллер",2013,США,7.7
689,Ангелы и демоны,"криминал, мистика, драма, триллер",2009,США,7.7
690,День выборов,комедия,2007,Россия,7.7
691,Воздушный маршал,"триллер, боевик",2013,США,7.7
692,Коллекционер 2,ужасы,2012,США,7.7
693,Не стучи дважды,ужасы,2016,Великобритания,7.7
694,Сплит,триллер,2016,США,7.7
695,Головоломка,анимация,2015,США,7.7
696,Никто,"боевик, триллер, криминал",2021,США,7.7
697,Неуловимые: Последний герой,"триллер, криминал, драма",2015,Россия,7.7
698,Шазам!,"фантастика, фэнтези, боевик",2019,США,7.7
699,Папе снова 17,комедия,2008,США,7.7
700,Двадцать одно,драма,2008,США,7.7
701,Кошмар перед Рождеством,"семейный, фэнтези, мюзикл, анимация",1993,США,7.7
702,Подарок на Рождество,"комедия, боевик, семейный, приключения",1996,США,7.7
703,Убежище,"триллер, ужасы",2010,США,7.7
704,Заложница 2,"триллер, драма, криминал, боевик",2012,Франция,7.7
705,Миссия невыполнима: Последствия,"боевик, триллер, приключения",2018,США,7.7
706,Фантастические твари: Преступления Грин-де-Вальда,фэнтези,2018,США,7.7
707,После тебя,драма,2016,Россия,7.7
708,Вайолет Эвергарден. Вечность и призрак пера,"анимация, аниме ",2019,Япония,7.7
709,Омерзительная восьмерка,"комедия, вестерн, триллер",2015,США,7.7
710,Марли и я,комедия,2008,США,7.7
711,Люди в черном 2,"комедия, фантастика",2002,США,7.7
712,Стиляги,"комедия, мюзикл",2008,Россия,7.7
713,Идентификация Борна,триллер,2002,США / Германия / Чехия,7.7
714,Дракула,"ужасы, мелодрама, триллер, фантастика, драма",1992,США,7.7
715,Мэри и ведьмин цветок,"анимация, приключения, аниме ",2017,Япония,7.7
716,Тарас Бульба,"боевик, исторический",2008,Россия,7.7
717,Прошлой ночью в Нью-Йорке,"драма, мелодрама",2010,США,7.7
718,Иван Царевич и Серый Волк,"комедия, анимация, сказка",2011,Россия,7.7
719,Тайное окно,"ужасы, триллер, драма",2004,США,7.7
720,Стань легендой! Бигфут младший,анимация,2017,Франция / Бельгия,7.7
721,Расправь крылья,"приключения, семейный",2019,Франция,7.7
722,Первый мститель: Другая война,"приключения, фантастика, боевик",2014,США,7.7
723,Ночные игры,"комедия, детектив",2018,США,7.7
724,Бегущий в лабиринте: Лекарство от смерти,"фантастика, боевик, триллер",2018,США,7.7
725,Ледокол,драма,2016,Россия,7.7
726,Боец,драма,2010,США,7.7
727,Миссия Невыполнима: Протокол Фантом,боевик,2011,США,7.7
728,Без меня,мелодрама,2018,Россия,7.7
729,Выживут только любовники,"фантастика, триллер, драма",2013,США,7.7
730,Вверх,"анимация, семейный, приключения",2009,США,7.7
731,Убить Билла 2,"боевик, драма, триллер, криминал",2004,США,7.7
732,Любовь и другие лекарства,"мелодрама, комедия",2010,США,7.7
733,Один вдох,"спорт, драма",2020,Россия,7.7
734,"Ван Гог. С любовью, Винсент","анимация, драма, криминал, биография",2017,Великобритания / Польша,7.7
735,Знамение,"мистика, триллер, драма",2009,США,7.7
736,Похороните меня за плинтусом,драма,2009,Россия,7.7
737,Бой с тенью 2: Реванш,"спорт, боевик",2007,Россия,7.7
738,Перевозчик 3,боевик,2009,Франция,7.7
739,Телепорт,"триллер, фантастика, драма, приключения",2008,США,7.7
740,Последний богатырь: Корень зла,"фэнтези, приключения",2020,Россия,7.7
741,Гран Торино,драма,2008,США,7.7
742,Удивительное путешествие Доктора Дулиттла,комедия,2020,США,7.7
743,Путь,"приключения, боевик",2009,Россия,7.7
744,Фиксики. Большой секрет,"анимация, детский, семейный, приключения",2017,Россия,7.7
745,Профессионал,"боевик, триллер",2011,США / Австралия,7.7
746,Бегущий человек,"боевик, триллер, фантастика",1987,США,7.7
747,Дьявол в деталях,триллер,2021,США,7.7
748,Под покровом ночи,"триллер, драма",2016,США,7.7
749,Отмель,"триллер, драма",2016,США,7.7
750,Миссия: Невыполнима 3,"триллер, боевик, мистика, приключения",2006,Германия / США,7.7
751,Короли улиц,"драма, триллер",2008,США,7.7
752,Приключения Тинтина: Тайна единорога,"семейный, анимация, приключения, мистика",2011,США / Новая Зеландия / Бельгия,7.7
753,Лолита,"мелодрама, драма",1997,США / Франция,7.7
754,Знакомство с Факерами 2,комедия,2010,США,7.7
755,Больше чем секс,"мелодрама, комедия",2011,США,7.7
756,Артур и месть Урдалака,"сказка, семейный, анимация",2009,Франция,7.7
757,13,"драма, триллер",2010,США,7.7
758,Гравитация,"фантастика, триллер",2013,США / Великобритания,7.7
759,Ветреная река,триллер,2017,США / Великобритания / Канада,7.7
760,Статский советник,"исторический, криминал, приключения",2005,Россия,7.7
761,Великий уравнитель,"триллер, криминал, боевик",2014,США,7.7
762,Падение ангела,"боевик, триллер",2019,США,7.7
763,Затащи меня в ад,"триллер, ужасы",2009,США,7.7
764,Шесть демонов Эмили Роуз,"ужасы, драма, триллер",2005,США,7.7
765,Мюнхен: Возмездие,"драма, триллер",2005,США,7.7
766,Бьютифул,драма,2010,Испания / Мексика,7.7
767,8 подруг Оушена,"криминал, комедия, боевик",2017,США,7.7
768,Люди Икс: Апокалипсис,"боевик, фэнтези, приключения, фантастика",2016,США,7.7
769,Три икса,"триллер, боевик",2002,США,7.7
770,Прости за любовь,мелодрама,2008,Италия,7.7
771,Иностранец,"триллер, боевик",2016,США,7.7
772,Альфа,"боевик, триллер, драма",2018,США,7.7
773,Заклятие 2,ужасы,2016,США,7.7
774,Вне/себя,"триллер, фантастика, драма",2015,США,7.7
775,Союзники,триллер,2016,США,7.7
776,Рыбка Поньо на утесе,"анимация, семейный, приключения, аниме ",2008,Япония,7.6
777,Тайна красной планеты 3D,"анимация, семейный",2011,США,7.6
778,Глубоководный горизонт,драма,2016,США,7.6
779,Город воров,"драма, мелодрама, триллер, криминал",2010,США,7.6
780,Самый пьяный округ в мире,"драма, криминал",2012,США,7.6
781,Пассажир,"боевик, триллер",2018,США,7.6
782,Бегущий по лезвию,"драма, фантастика",1982,США,7.6
783,Не дыши,триллер,2016,США,7.6
784,Матильда,"драма, биография, триллер",2017,Россия,7.6
785,Худший человек на свете,"драма, комедия, мелодрама",2021,Норвегия / Франция / Швеция / Дания,7.6
786,Аноним,драма,2011,Германия / Великобритания,7.6
787,Коко до Шанель,биография,2008,Франция,7.6
788,Большие Мамочки. Сын как отец,комедия,2011,США,7.6
789,Трио из Бельвилля,"комедия, анимация",2003,Франция / Бельгия / Канада / Великобритания / Латвия,7.6
790,Любовь с ограничениями,"комедия, мелодрама",2016,Россия,7.6
791,Дыши во мгле,"фантастика, драма",2018,Франция,7.6
792,Жизнь в розовом цвете,"биография, драма, мюзикл",2007,Франция / Великобритания / Чехия,7.6
793,Полет навигатора,"детский, приключения, фантастика",1986,США,7.6
794,Простые сложности,"мелодрама, комедия",2009,США,7.6
795,Сделка с дьяволом,"ужасы, триллер",2006,США,7.6
796,Гнездо жаворонка,драма,2007,Италия / Испания / Великобритания / Франция / Болгария,7.6
797,Одинокий мужчина,драма,2009,США,7.6
798,Норвежский лес,драма,2010,Япония,7.6
799,Иван Царевич и Серый Волк 3,"анимация, детский, семейный",2015,Россия,7.6
800,Орел Девятого легиона,драма,2010,США,7.6
801,Миссия невыполнима: Племя изгоев,"приключения, боевик, триллер",2015,США,7.6
802,Синистер,"криминал, ужасы",2012,США,7.6
803,Между небом и землей,"мелодрама, комедия",2005,США,7.6
804,Игра на понижение,драма,2016,США,7.6
805,Призрачный гонщик,"триллер, боевик, фэнтези",2007,США,7.6
806,Гордость и предубеждение,"мелодрама, драма",2005,Франция / Великобритания,7.6
807,Близнецы,комедия,1988,США,7.6
808,"Высоцкий. Спасибо, что живой","биография, драма",2011,Россия,7.6
809,Монстро,"боевик, триллер, драма, фантастика",2008,США,7.6
810,Убийство в Восточном экспрессе,"детектив, триллер",2017,США,7.6
811,На пятьдесят оттенков темнее,"драма, мелодрама",2017,США,7.6
812,Принцесса и лягушка,"мелодрама, мюзикл, комедия, семейный, анимация",2009,США,7.6
813,"Прощай, детка, прощай","драма, криминал, мистика",2007,США,7.6
814,Вавилон,"триллер, драма",2006,США / Мексика,7.6
815,Кролик Питер 2,"семейный, приключения",2021,США,7.6
816,Джой,драма,2015,США,7.6
817,Фонтан,"фантастика, драма, мелодрама",2006,США,7.6
818,Не брать живым,"драма, военный",2009,США / Великобритания,7.6
819,Ничего хорошего в отеле «Эль Рояль»,триллер,2018,США,7.6
820,Мамма Миа!,"комедия, мелодрама, мюзикл",2008,Великобритания / США,7.6
821,Охота на воров,"боевик, триллер",2018,США,7.6
822,Горячие новости,боевик,2009,Россия / Швеция,7.6
823,Секретная служба Санта Клауса,анимация,2011,США / Великобритания,7.6
824,Rammstein: Paris!,мюзикл,2016,Германия,7.6
825,Босс-молокосос,"комедия, семейный",2017,США,7.6
826,Джонни Д,драма,2009,США,7.6
827,Экзамен,триллер,2009,Великобритания,7.6
828,Бесславные ублюдки,"драма, военный, приключения, боевик",2009,Германия / США,7.6
829,Сезон охоты 3,"детский, анимация",2010,США,7.6
830,Дюнкерк,"драма, военный, исторический",2017,США / Великобритания / Франция,7.6
831,Легенда о Коловрате,"приключения, фэнтези, исторический",2017,Россия,7.6
832,Мрачные тени,"ужасы, драма",2012,США,7.6
833,Милый друг,драма,2011,Великобритания,7.6
834,Пункт назначения 5,"триллер, ужасы",2011,США,7.6
835,Еще одна из рода Болейн,"драма, исторический",2008,Великобритания,7.6
836,Рок-н-рольщик,боевик,2008,Великобритания,7.6
837,Пила 3,"триллер, криминал, ужасы",2006,США,7.6
838,Разлом Сан-Андреас,"боевик, приключения",2015,США,7.6
839,Голос монстра,"фантастика, фэнтези",2016,США / Испания,7.6
840,P.S. Я люблю тебя,"комедия, драма",2007,США,7.6
841,Ограбление на Бейкер-Стрит,триллер,2008,США / Великобритания,7.6
842,Очень плохая училка,комедия,2011,США,7.6
843,Непосредственно Каха,комедия,2019,Россия,7.6
844,"Отель ""Гранд Будапешт""","комедия, драма",2014,США / Германия,7.6
845,Одинокий рейнджер,"триллер, боевик, вестерн",2013,США,7.6
846,Агент Джонни Инглиш: Перезагрузка,комедия,2011,США,7.6
847,Стрелок,"боевик, драма, триллер",2007,США,7.6
848,Ранэвэйс,"драма, мюзикл",2010,США,7.6
849,Синистер 2,ужасы,2015,США,7.6
850,Метро,"боевик, драма, триллер",2013,Россия,7.6
851,Так себе каникулы,комедия,2009,США,7.6
852,Железная хватка,"драма, вестерн",2010,США,7.6
853,Шестое чувство,"документальный, мистика, триллер",1999,США,7.6
854,Сияние,триллер,1980,Великобритания / США,7.6
855,Выкрутасы,"мелодрама, комедия, спорт",2010,Россия,7.6
856,BTS: Bring The Soul. The movie,"документальный, мюзикл",2019,Корея,7.6
857,Отверженные,"мюзикл, драма",2012,Великобритания,7.6
858,"Больше, чем друг","мелодрама, комедия",2010,США,7.6
859,И гаснет свет...,ужасы,2016,США,7.6
860,Наемник,"боевик, триллер",2017,США,7.6
861,Перси Джексон и море чудовищ,"приключения, семейный, боевик, фэнтези, драма",2013,США,7.6
862,Рэмбо IV,"триллер, боевик, драма",2007,США,7.6
863,Наркоз,"триллер, драма",2007,США,7.6
864,Покемон. Детектив Пикачу,"детектив, комедия",2019,США,7.6
865,Дьявол носит Prada,"комедия, драма",2006,США,7.6
866,Три богатыря и принцесса Египта,"анимация, приключения, детский",2017,Россия,7.6
867,Сказки на ночь,"фэнтези, комедия",2008,США,7.6
868,Другой мир: Пробуждение,"фантастика, ужасы, боевик",2012,США,7.6
869,Американский пирог: Все в сборе,комедия,2012,США,7.6
870,Отголоски прошлого,"драма, биография",2008,Великобритания,7.6
871,Люди Икс. Последняя битва,"фантастика, триллер, боевик",2006,США,7.6
872,Между нами горы,"мелодрама, драма",2017,США,7.6
873,Домовой,"комедия, фэнтези, семейный",2019,Россия,7.6
874,Совокупность лжи,драма,2008,США,7.6
875,Живое,"фантастика, триллер",2017,США,7.6
876,Красная жара,"комедия, триллер, криминал, боевик",1988,США,7.6
877,Красотка на всю голову,комедия,2018,США,7.6
878,Шаг вперед 2: улицы,"мелодрама, драма, мюзикл",2008,США,7.6
879,Крутая Джорджия,"мелодрама, драма, комедия",2007,США,7.6
880,Калашников,"военный, исторический",2020,Россия,7.6
881,"Город грехов 2: Женщина, ради которой стоит убивать","драма, криминал, боевик, триллер",2014,США,7.6
882,Тобол,"драма, исторический",2018,Россия,7.6
883,Транс,"триллер, криминал, драма",2013,Великобритания,7.6
884,12 обезьян,"фантастика, драма",1995,США,7.6
885,Сердцеед,комедия,2010,Франция / Монако,7.6
886,На грани,триллер,2012,США,7.6
887,Страшно красив,"мелодрама, ужасы, фэнтези",2010,США,7.6
888,Перси Джексон и похититель молний,"фэнтези, сказка",2009,Канада / США,7.6
889,Лесная братва,"анимация, семейный, комедия",2006,США,7.6
890,Шаг вперед 3,"мюзикл, драма, мелодрама",2010,США,7.6
891,Аисты,"комедия, анимация",2016,США,7.6
892,Нерв,триллер,2016,США,7.6
893,Оно 2,"ужасы, триллер",2019,США,7.6
894,Фокус,комедия,2015,США,7.6
895,Великая стена,"триллер, мистика",2016,США,7.6
896,1917,"военный, драма",2019,Великобритания / США,7.6
897,Как выйти замуж за миллиардера,комедия,2010,Великобритания,7.6
898,Призрачная красота,драма,2016,США,7.6
899,Летчик,"военный, биография, драма, исторический",2021,Россия,7.6
900,Господа офицеры: спасти императора,"исторический, драма",2008,Россия,7.6
901,Бункер,триллер,2011,Испания / Колумбия,7.6
902,Наемник,"боевик, триллер",2022,США,7.6
903,Искупление,драма,2007,Великобритания,7.6
904,Союз спасения,"драма, исторический, приключения",2019,Россия,7.6
905,Золотой компас,"драма, приключения, семейный, сказка, триллер",2007,США / Великобритания,7.6
906,"""Старый"" новый год","мелодрама, комедия",2011,США,7.6
907,Пекло,"триллер, фантастика",2007,Великобритания,7.6
908,Хортон,"семейный, анимация, приключения",2008,США,7.6
909,"Винчестер. Дом, который построили призраки","мистика, триллер",2018,США,7.6
910,Пол: Секретный материальчик,"фантастика, комедия",2011,Франция / Великобритания / США / Испания,7.6
911,Оверлорд,боевик,2018,Великобритания,7.6
912,Вам и не снилось,драма,1980,СССР,7.6
913,Пирамммида,"драма, биография, криминал",2010,Россия,7.6
914,Кролецып и Хомяк Тьмы,"семейный, анимация, приключения",2022,Бельгия / Франция,7.6
915,Чарли и шоколадная фабрика,"приключения, сказка, комедия, семейный",2005,США,7.6
916,Бросок Кобры,боевик,2009,США,7.6
917,Любовь в большом городе,"мелодрама, комедия",2008,Россия,7.6
918,Страсти Христовы,драма,2004,США,7.6
919,Это всего лишь конец света,драма,2016,Франция / Канада,7.6
920,Эйфель,"биография, драма, исторический",2021,Франция,7.6
921,Погоня,"триллер, боевик",2011,США,7.6
922,Мертвец,"криминал, вестерн, драма, приключения",1995,США / Германия / Япония,7.6
923,Дом грез,триллер,2011,США,7.6
924,Хроники Нарнии: Принц Каспиан,"семейный, сказка, приключения",2008,Великобритания / США,7.5
925,Красавица и чудовище,"фэнтези, мелодрама, мюзикл",2017,США,7.5
926,Счастливого дня смерти,"ужасы, триллер, детектив",2017,США,7.5
927,Нефть,драма,2007,США,7.5
928,Дитя тьмы,"драма, мистика, ужасы",2009,США,7.5
929,Годзилла против Конга,"фантастика, боевик, драма",2021,США,7.5
930,Копы в глубоком запасе,"комедия, боевик",2010,США,7.5
931,Мне бы в небо,"комедия, драма",2009,США,7.5
932,Ведьмина служба доставки,"приключения, комедия, сказка, семейный, анимация, аниме ",1989,Япония,7.5
933,Бешеные псы,триллер,1992,США,7.5
934,Четвертый вид,триллер,2009,США,7.5
935,Замерзшие,"драма, триллер, ужасы, боевик",2010,США,7.5
936,Проклятие,"триллер, ужасы, драма",2004,Япония / США / Германия,7.5
937,Любой ценой,"криминал, драма",2016,США,7.5
938,Тайная жизнь домашних животных,"анимация, комедия",2016,США,7.5
939,Судная ночь навсегда,"ужасы, триллер, боевик",2021,США,7.5
940,Мачете,"боевик, криминал, триллер",2010,США,7.5
941,Летят журавли,"мелодрама, военный, драма",1957,СССР,7.5
942,Пляж,"драма, триллер, приключения",2000,США / Великобритания,7.5
943,Ночь в музее: Секрет гробницы,"семейный, комедия, фэнтези",2014,США,7.5
944,Жена смотрителя зоопарка,"драма, биография, военный",2016,США,7.5
945,Мадагаскар,"комедия, анимация, приключения, сказка, семейный",2005,США,7.5
946,Отпетые мошенницы,комедия,2019,США,7.5
947,Лига справедливости,"фантастика, приключения, боевик, фэнтези",2017,США,7.5
948,Грайндхаус,"ужасы, боевик, фантастика, комедия",2007,США / Канада,7.5
949,Оно,"детектив, ужасы",2014,США,7.5
950,Дэдпул,"фэнтези, фантастика, боевик",2016,США / Канада,7.5
951,Пила 8,"ужасы, триллер",2017,США / Канада,7.5
952,Судья Дредд,"фантастика, боевик",2012,Великобритания,7.5
953,Батя,"комедия, драма",2021,Россия,7.5
954,Подмена,мистика,2008,США,7.5
955,Правила съема: Метод Хитча,"комедия, мелодрама",2005,США,7.5
956,Реальная любовь,"драма, комедия, мелодрама",2002,Великобритания / США,7.5
957,Сатисфакция,драма,2010,Россия,7.5
958,Форсаж 9,"боевик, криминал",2021,США,7.5
959,Лев,драма,2016,Великобритания / Австралия / США,7.5
960,Паразиты,"драма, триллер",2019,Корея,7.5
961,Американский психопат,"ужасы, триллер, драма",2000,США / Канада,7.5
962,Факультет,"фантастика, ужасы, триллер",1998,США,7.5
963,Девушка в поезде,"детектив, триллер",2016,США,7.5
964,Дело храбрых,"драма, боевик",2017,США,7.5
965,Алиса в стране чудес,"сказка, приключения, семейный",2010,США,7.5
966,День Святого Валентина,"комедия, мелодрама",2010,США,7.5
967,Прошлой ночью в Сохо,"драма, триллер, ужасы",2021,Великобритания,7.5
968,Гоголь. Страшная месть,"драма, исторический, мистика",2018,Россия,7.5
969,Душевная кухня,комедия,2009,Германия,7.5
970,Доброе утро,комедия,2010,США,7.5
971,Эрагон,"семейный, приключения, сказка, боевик",2006,США,7.5
972,Кинг Конг,"мелодрама, триллер, приключения, ужасы, боевик, фантастика",1976,США,7.5
973,Свадебный переполох,"исторический, мелодрама",2001,США / Германия,7.5
974,Первый Оскар,"драма, исторический, военный",2022,Россия,7.5
975,Детям до 16...,мелодрама,2010,Россия,7.5
976,"Человек, который изменил все",драма,2011,США,7.5
977,История дельфина,драма,2011,США,7.5
978,Город Кошек,документальный,2016,США / Турция,7.5
979,Росомаха: Бессмертный,"приключения, боевик",2013,США,7.5
980,Звонок 2,"ужасы, триллер, мистика, драма",2005,США,7.5
981,Дежа вю,"фантастика, триллер, боевик, криминал, приключения, драма, мелодрама",2006,США,7.5
982,Мы — монстры,"анимация, детский",2017,Германия,7.5
983,Дети шпионов в 4D,"фантастика, приключения, семейный, боевик, комедия",2011,США,7.5
984,Мама,ужасы,2013,США,7.5
985,Война миров,"триллер, фантастика, драма",2005,США,7.5
986,Химера,"триллер, фантастика, ужасы",2009,США / Канада / Франция,7.5
987,Рамона и Бизус,"комедия, семейный",2010,США,7.5
988,Ученик,драма,2016,Россия,7.5
989,Кредо убийцы,"фантастика, боевик, приключения",2016,США,7.5
990,Петля времени,"боевик, фантастика",2012,США,7.5
991,Сезон охоты,"анимация, приключения, семейный, комедия",2006,США,7.5
992,День радио,комедия,2008,Россия,7.5
993,Иллюзионист,анимация,2009,Великобритания / Франция,7.5
994,Хан Соло: Звёздные Войны. Истории,"фантастика, приключения, боевик",2018,США,7.5
995,"Кожа, в которой я живу",драма,2011,Испания,7.5
996,Шпионский мост,"драма, триллер",2015,США,7.5
997,Люди Икс: Дни минувшего будущего,"фантастика, боевик, фэнтези",2014,США,7.5
998,Ледяной драйв,боевик,2021,США,7.5
999,Третий лишний,комедия,2011,США,7.5
